<?xml version="1.0"?>
<Runs Version="1" Minor="0">
	<Run Id="design_1_TTF_Driver_0_0_synth_1" LaunchDir="C:/FPGA/FPGA_FUN/GraviTris_WS/GraviTris_FPGA_23/GraviTris_FPGA_23.runs/design_1_TTF_Driver_0_0_synth_1" FlowId="Vivado_Synthesis" FromStepId="vivado" ToStepId="vivado"/>
	<Run Id="synth_1" LaunchDir="C:/FPGA/FPGA_FUN/GraviTris_WS/GraviTris_FPGA_23/GraviTris_FPGA_23.runs/synth_1" FlowId="Vivado_Synthesis" FromStepId="vivado" ToStepId="vivado">
		<Parent Id="design_1_TTF_Driver_0_0_synth_1"/>
	</Run>
	<Parameters>
		<Parameter Name="runs.monitorLSFJobs" Val="true" Type="bool"/>
		<Parameter Name="runs.enableClusterConf" Val="true" Type="bool"/>
		<Parameter Name="general.shortenLongPath" Val="true" Type="bool"/>
	</Parameters>
	<ProductInfo Name="vivado"/>
</Runs>

