<?xml version="1.0" encoding="UTF-8"?>
<GenRun Id="synth_1" LaunchPart="xc7a35tcpg236-1" LaunchTime="1719123437">
  <File Type="PA-TCL" Name="design_1_wrapper.tcl"/>
  <File Type="RDS-PROPCONSTRS" Name="design_1_wrapper_drc_synth.rpt"/>
  <File Type="REPORTS-TCL" Name="design_1_wrapper_reports.tcl"/>
  <File Type="RDS-RDS" Name="design_1_wrapper.vds"/>
  <File Type="RDS-UTIL" Name="design_1_wrapper_utilization_synth.rpt"/>
  <File Type="RDS-UTIL-PB" Name="design_1_wrapper_utilization_synth.pb"/>
  <File Type="RDS-DCP" Name="design_1_wrapper.dcp"/>
  <File Type="VDS-TIMINGSUMMARY" Name="design_1_wrapper_timing_summary_synth.rpt"/>
  <File Type="VDS-TIMING-PB" Name="design_1_wrapper_timing_summary_synth.pb"/>
  <FileSet Name="sources" Type="DesignSrcs" RelSrcDir="$PSRCDIR/sources_1" RelGenDir="$PGENDIR/sources_1">
    <Filter Type="Srcs"/>
    <File Path="$PSRCDIR/sources_1/imports/imports/new/Divider.vhd">
      <FileInfo>
        <Attr Name="ImportPath" Val="$PPRDIR/../GraviTris_FPGA/GraviTris_FPGA.srcs/sources_1/imports/new/Divider.vhd"/>
        <Attr Name="ImportTime" Val="1717054503"/>
        <Attr Name="UsedIn" Val="synthesis"/>
        <Attr Name="UsedIn" Val="simulation"/>
      </FileInfo>
    </File>
    <File Path="$PSRCDIR/sources_1/imports/imports/new/IO_Mapper.vhd">
      <FileInfo>
        <Attr Name="ImportPath" Val="$PPRDIR/../GraviTris_FPGA/GraviTris_FPGA.srcs/sources_1/imports/new/IO_Mapper.vhd"/>
        <Attr Name="ImportTime" Val="1718372476"/>
        <Attr Name="UsedIn" Val="synthesis"/>
        <Attr Name="UsedIn" Val="simulation"/>
      </FileInfo>
    </File>
    <File Path="$PSRCDIR/sources_1/imports/imports/TFT_DRV_MS/TTF_Driver.vhd">
      <FileInfo>
        <Attr Name="ImportPath" Val="$PPRDIR/../GraviTris_FPGA/GraviTris_FPGA.srcs/sources_1/imports/TFT_DRV_MS/TTF_Driver.vhd"/>
        <Attr Name="ImportTime" Val="1718472900"/>
        <Attr Name="UsedIn" Val="synthesis"/>
        <Attr Name="UsedIn" Val="simulation"/>
      </FileInfo>
    </File>
    <File Path="$PSRCDIR/sources_1/bd/design_1/design_1.bd">
      <FileInfo>
        <Attr Name="UsedIn" Val="synthesis"/>
        <Attr Name="UsedIn" Val="implementation"/>
        <Attr Name="UsedIn" Val="simulation"/>
      </FileInfo>
    </File>
    <File Path="$PGENDIR/sources_1/bd/design_1/hdl/design_1_wrapper.v">
      <FileInfo>
        <Attr Name="UsedIn" Val="synthesis"/>
        <Attr Name="UsedIn" Val="implementation"/>
        <Attr Name="UsedIn" Val="simulation"/>
      </FileInfo>
    </File>
    <Config>
      <Option Name="DesignMode" Val="RTL"/>
      <Option Name="TopModule" Val="design_1_wrapper"/>
      <Option Name="TopAutoSet" Val="TRUE"/>
    </Config>
  </FileSet>
  <FileSet Name="constrs_in" Type="Constrs" RelSrcDir="$PSRCDIR/constrs_1" RelGenDir="$PGENDIR/constrs_1">
    <Filter Type="Constrs"/>
    <File Path="$PSRCDIR/constrs_1/imports/new/const.xdc">
      <FileInfo>
        <Attr Name="ImportPath" Val="$PPRDIR/../GraviTris_FPGA/GraviTris_FPGA.srcs/constrs_1/new/const.xdc"/>
        <Attr Name="ImportTime" Val="1718375783"/>
        <Attr Name="UsedIn" Val="synthesis"/>
        <Attr Name="UsedIn" Val="implementation"/>
      </FileInfo>
    </File>
    <Config>
      <Option Name="TargetConstrsFile" Val="$PSRCDIR/constrs_1/imports/new/const.xdc"/>
      <Option Name="ConstrsType" Val="XDC"/>
    </Config>
  </FileSet>
  <FileSet Name="utils" Type="Utils" RelSrcDir="$PSRCDIR/utils_1" RelGenDir="$PGENDIR/utils_1">
    <Filter Type="Utils"/>
    <Config>
      <Option Name="TopAutoSet" Val="TRUE"/>
    </Config>
  </FileSet>
  <Strategy Version="1" Minor="2">
    <StratHandle Name="Vivado Synthesis Defaults" Flow="Vivado Synthesis 2023"/>
    <Step Id="synth_design"/>
  </Strategy>
  <BlockFileSet Type="BlockSrcs" Name="design_1_reset_inv_0_0"/>
  <BlockFileSet Type="BlockSrcs" Name="design_1_lmb_bram_0"/>
  <BlockFileSet Type="BlockSrcs" Name="design_1_mdm_1_0"/>
  <BlockFileSet Type="BlockSrcs" Name="design_1_axi_uartlite_0_0"/>
  <BlockFileSet Type="BlockSrcs" Name="design_1_rst_clk_wiz_0_100M_0"/>
  <BlockFileSet Type="BlockSrcs" Name="design_1_dlmb_v10_0"/>
  <BlockFileSet Type="BlockSrcs" Name="design_1_blk_mem_gen_0_0"/>
  <BlockFileSet Type="BlockSrcs" Name="design_1_xbar_0"/>
  <BlockFileSet Type="BlockSrcs" Name="design_1_ilmb_bram_if_cntlr_0"/>
  <BlockFileSet Type="BlockSrcs" Name="design_1_clk_wiz_0_0"/>
  <BlockFileSet Type="BlockSrcs" Name="design_1_microblaze_0_0"/>
  <BlockFileSet Type="BlockSrcs" Name="design_1_dlmb_bram_if_cntlr_0"/>
  <BlockFileSet Type="BlockSrcs" Name="design_1_ilmb_v10_0"/>
  <BlockFileSet Type="BlockSrcs" Name="design_1_axi_bram_ctrl_0_0"/>
  <BlockFileSet Type="BlockSrcs" Name="design_1_axi_intc_0_0"/>
  <BlockFileSet Type="BlockSrcs" Name="design_1_IO_Mapper_0_0"/>
  <BlockFileSet Type="BlockSrcs" Name="design_1_axi_gpio_0_0"/>
  <BlockFileSet Type="BlockSrcs" Name="design_1_Divider_0_0"/>
  <BlockFileSet Type="BlockSrcs" Name="design_1_TTF_Driver_0_0"/>
</GenRun>
